zone,target_day,issued_at,on_time,n,mae,rmse,rank_corr,rev_forecast,rev_perfect,capture,scored_at,model,shape_mae
DE-LU,2026-09-14,2026-09-13 12:23:53.433587,False,24,93.742,138.911,0.883,8935.311769736843,8966.573019736843,0.9965135788298172,2026-09-13 12:27:02.307776,lgbm[no-fc],61.55061186654556
DE-LU,2026-09-15,2026-09-14 08:07:39.181066,True,24,36.298,44.166,0.941,4718.393940789474,4832.51927631579,0.9763838840569876,2026-09-15 08:08:07.610747,lgbm[no-fc],25.84479343624217
DE-LU,2026-09-16,2026-09-15 08:08:07.621005,True,24,9.777,12.716,0.986,2875.739618421053,2980.708828947369,0.9647838093050553,2026-09-16 07:30:32.598568,lgbm[no-fc],9.199034424808865
DE-LU,2026-09-17,2026-09-16 08:07:25.482411,True,24,35.018,48.11,0.921,3842.92302631579,4050.554822368421,0.9487399121458562,2026-09-17 06:08:10.114253,lgbm[no-fc+wx+shape],28.5638742476234
DE-LU,2026-09-18,2026-09-17 08:07:55.806246,True,24,29.008,37.786,0.953,4088.26090131579,4140.47277631579,0.9873898760309062,2026-09-18 06:07:40.905566,lgbm[no-fc+wx+shape],23.392270562241084
DE-LU,2026-09-19,2026-09-18 08:07:19.783309,True,24,74.353,79.77,0.943,2121.674921052632,2170.2337763157893,0.9776250578195352,2026-09-19 06:07:33.409703,lgbm[no-fc+shape],24.00587388467727
DE-LU,2026-09-20,2026-09-19 08:07:06.126608,True,24,37.302,45.148,0.937,1505.145621875,1543.3960986842108,0.9752166816789156,2026-09-20 06:07:20.335903,lgbm[no-fc+shape],23.010603952090424
DE-LU,2026-09-21,2026-09-20 08:07:21.745931,True,24,75.964,93.043,0.95,5717.124440789474,5721.539967105263,0.9992282626109098,2026-09-21 06:08:17.420884,lgbm[no-fc+wx+shape],49.307620372647
DE-LU,2026-09-22,2026-09-21 08:07:32.168251,True,24,111.128,126.522,0.971,7543.970743421052,7957.354236842105,0.9480501331074204,2026-09-22 06:07:53.646915,lgbm[no-fc+wx+shape],39.08721148645763
DE-LU,2026-09-23,2026-09-22 08:07:25.558024,True,24,99.939,127.773,0.907,3761.531125,4827.524546052631,0.7791842566757589,2026-09-23 06:08:00.083991,lgbm[no-fc+wx+shape],70.16810460666541
DE-LU,2026-09-24,2026-09-23 08:07:19.114968,True,24,56.629,67.173,0.841,4452.358914473685,4994.131421052631,0.8915181718496399,2026-09-24 06:08:04.421433,lgbm[no-fc+wx+shape],41.22179453937186
DE-LU,2026-09-25,2026-09-24 08:07:26.049703,True,24,31.841,37.57,0.983,4936.8335197368415,5055.981835526317,0.9764341883207988,2026-09-25 06:07:39.366742,lgbm[no-fc+wx+shape],24.44490107657596
DE-LU,2026-09-26,2026-09-25 08:07:13.472415,True,24,32.26,41.173,0.965,3618.1301513157896,4142.352190789474,0.8734482208829822,2026-09-26 06:07:46.823125,lgbm[no-fc+wx+shape],20.96728724833541
DE-LU,2026-09-27,2026-09-26 08:08:12.410650,True,24,31.191,41.219,0.896,3440.1137500000004,3458.5857500000006,0.9946590886173632,2026-09-27 06:07:49.084814,lgbm[no-fc+wx+shape],25.82605118435254
DE-LU,2026-09-28,2026-09-27 08:06:52.883862,True,24,82.706,88.829,0.929,3973.056703947369,4143.062828947368,0.9589660760604028,2026-09-28 06:08:48.484412,lgbm[no-fc+wx+shape],26.448392506028767
DE-LU,2026-09-29,2026-09-28 08:09:40.517839,True,24,30.674,38.493,0.902,2117.627144736843,3059.6382894736853,0.6921168270191553,2026-09-29 06:08:35.973598,lgbm[no-fc+wx+shape],19.590619908320235
DE-LU,2026-09-30,2026-09-29 08:09:41.124731,True,24,29.433,36.25,0.932,4562.178835526315,4612.439111842105,0.9891033192857224,2026-09-30 06:08:14.755290,lgbm[no-fc+wx+shape],23.96522363587477
DE-LU,2026-10-01,2026-09-30 08:09:34.079927,True,24,44.599,51.164,0.919,2631.4851710526327,2763.4402434210533,0.9522497102361568,2026-10-01 06:10:44.006335,lgbm[no-fc+wx+shape],22.69718222690915
DE-LU,2026-10-02,2026-10-01 08:09:22.547848,True,24,27.186,37.59,0.955,3154.735144736843,3336.114151315789,0.9456316545681122,2026-10-02 06:08:35.850135,lgbm[no-fc+wx+shape],23.83373264201468
DE-LU,2026-10-03,2026-10-02 08:08:50.669701,True,24,48.434,54.605,0.959,2959.5142828947382,2989.75105263158,0.9898865259332454,2026-10-03 06:13:32.722033,lgbm[no-fc+wx+shape],18.898372099844682
