day,revenue_forecast_eur,revenue_perfect_eur,capture_ratio,da_spread_eur,cycles
2025-01-01,-41.9895,129.95549999999997,-0.323106755774092,11.06,0.95
2025-01-02,2403.8556842105268,2681.3735000000006,0.8965016191181595,151.38,1.45
2025-01-03,359.937473684211,644.4429999999999,0.5585249179279022,46.72,1.45
2025-01-04,494.465657894737,825.5125,0.5989802188273793,61.040000000000006,1.45
2025-01-05,-914.7175,137.7998750000001,-6.63801400400399,85.7,0.95
2025-01-06,322.654,558.990057894737,0.5772088348318329,32.17,0.95
2025-01-07,1640.2715,1787.0216052631579,0.9178800609735508,96.1,0.95
2025-01-08,1513.7292631578948,1755.355131578948,0.8623492966897759,98.45000000000002,1.45
2025-01-09,513.6223421052634,928.3225000000001,0.5532800746564511,76.69,1.45
2025-01-10,1115.2523000000003,1373.9106842105264,0.8117356628905206,75.07000000000001,1.40125
2025-01-11,262.1170000000001,406.81263157894773,0.6443187346043177,34.21000000000001,0.95
2025-01-12,866.1930000000002,983.2787105263155,0.8809231713522574,63.08,0.95
2025-01-13,1672.005578947369,1971.5475789473687,0.848067577369891,123.09,1.5
2025-01-14,1353.2925000000005,1695.497000000001,0.7981686195846998,86.04,1.5
2025-01-15,2639.750921052632,4248.400999999999,0.6213516381934362,270.27,1.5
2025-01-16,1087.8730000000005,1578.5286315789472,0.6891690009523863,84.62,0.95
2025-01-17,1439.7183947368426,1580.945394736843,0.9106692739229565,93.41,1.5
2025-01-18,768.5050263157896,796.6440263157892,0.964678075689423,52.83999999999999,1.5
2025-01-19,292.35865789473723,609.1799999999998,0.4799216289023561,51.52999999999999,1.5
2025-01-20,9521.54294736842,9618.534263157895,0.9899162062393453,468.99,1.5
2025-01-21,3303.5744999999993,3577.687499999999,0.9233826319375296,187.60999999999996,1.5
2025-01-22,1143.0746842105266,1803.789447368422,0.6337073796934432,123.91999999999999,1.5
2025-01-23,765.4930263157896,971.0469210526312,0.7883172375295545,100.80000000000001,1.5
2025-01-24,436.5069000000002,1214.8166315789476,0.3593191669039418,75.63,1.4012499999999999
2025-01-25,1131.2756842105268,1430.2165000000002,0.7909821234830717,91.96000000000001,1.5
2025-01-26,-271.52896249999947,521.836973684211,-0.5203329319173825,108.88000000000001,1.4012499999999999
2025-01-27,1314.0781578947367,2155.9107894736844,0.609523438683443,108.57000000000001,1.5
2025-01-28,952.5057894736847,1544.520263157895,0.6167000927046503,92.27,1.5
2025-01-29,1402.8752105263156,1610.7351315789479,0.8709533821064209,74.45,1.45
2025-01-30,1662.317789473685,1668.347789473685,0.9963856457040637,87.95000000000002,1.5
2025-01-31,1224.5953684210526,1325.6020789473687,0.9238031441482626,72.13999999999999,1.5
2025-02-01,386.8289999999997,1048.5792894736846,0.36890772484564477,64.87,0.95
2025-02-02,535.5145000000005,817.4450263157896,0.6551076619960059,62.06999999999999,0.95
2025-02-03,2049.3078421052633,2500.5018921052624,0.8195586048446767,127.93999999999998,1.5
2025-02-04,1250.6738157894738,1640.3993421052635,0.7624203349072173,98.82000000000001,1.5
2025-02-05,1387.0757368421055,1722.6065526315795,0.8052191225692874,81.72,1.5
2025-02-06,867.4126394736841,1246.9052368421055,0.695652415151035,97.46999999999998,1.5
2025-02-07,846.7536578947376,1001.2401578947374,0.8457048503479608,65.49000000000001,1.5
2025-02-08,1173.9634210526315,1667.4816052631577,0.7040338060385137,93.39,1.45
2025-02-09,650.24005263158,938.6481578947373,0.6927409883698934,66.4,1.45
2025-02-10,802.0463157894744,1146.6693157894747,0.6994573803845711,93.98000000000002,1.5
2025-02-11,1856.4749210526318,2071.3162368421054,0.8962778778208116,97.09,1.5
2025-02-12,1127.4806052631588,1203.7846052631585,0.9366132448725585,70.53999999999999,1.5
2025-02-13,1100.2085000000002,1474.1250526315794,0.7463467892604697,85.77000000000001,1.5
2025-02-14,3024.624999999999,3741.262947368421,0.8084502593241942,171.26000000000002,1.5
2025-02-15,708.807184210526,985.3826842105268,0.7193217371973725,64.68999999999998,1.5
2025-02-16,295.6452105263163,565.0595000000003,0.5232107601523666,51.209999999999994,1.5
2025-02-17,2899.3405789473686,3049.801631578948,0.950665298662824,164.22,1.5
2025-02-18,1342.1295263157892,1945.138473684212,0.6899917638119168,105.27000000000001,1.5
2025-02-19,1265.6873947368426,1514.3282105263152,0.8358078426716652,84.85000000000001,1.5
2025-02-20,594.1028421052634,749.5953421052634,0.7925647462492308,45.8,1.5
2025-02-21,986.2631052631584,1316.9351052631582,0.7489079008688717,88.17,1.5
2025-02-22,1043.7664750000004,1351.386210526316,0.7723672676765667,74.78,1.4012499999999999
2025-02-23,1234.8136315789475,1555.737763157895,0.7937157924819388,89.94,1.5
2025-02-24,967.4090526315789,1908.39302631579,0.5069233849063005,111.61000000000001,1.5
2025-02-25,2209.2172894736846,2486.8781315789483,0.8883496386174043,143.14000000000001,1.5
2025-02-26,925.2634736842109,1094.1639736842103,0.8456351113158235,62.730000000000004,1.5
2025-02-27,1333.2129736842112,1464.4275000000002,0.9103987556121494,75.11000000000001,1.5
2025-02-28,951.5411842105262,1089.2874736842111,0.8735445942403097,54.889999999999986,1.5
2025-03-01,715.9993157894742,941.4930526315788,0.7604934670395874,61.280000000000015,1.5
2025-03-02,2488.195,2491.0545,0.9988520925575896,143.26,0.95
2025-03-03,2591.3191315789477,3712.8955,0.6979240680431075,183.94,1.5
2025-03-04,2210.8592105263156,3258.987052631579,0.6783884608381867,166.57999999999998,1.5
2025-03-05,2675.0870263157894,3169.7865263157896,0.8439328655437929,150.51,1.5
2025-03-06,3281.7745789473684,3380.183105263158,0.970886628549039,165.34,1.5
2025-03-07,3754.0088157894734,3785.523921052632,0.9916748365826215,208.55999999999997,1.5
2025-03-08,2426.9680789473687,2866.1940000000004,0.8467563880698126,174.39000000000001,1.45
2025-03-09,2439.4849999999997,2460.7835,0.9913448298072544,138.95999999999998,0.95
2025-03-10,1961.820315789474,2002.363815789474,0.9797521810570599,98.89999999999999,1.5
2025-03-11,1770.7842894736843,1934.7712894736846,0.9152421782914664,108.58000000000001,1.5
2025-03-12,1917.178736842105,1959.1137368421055,0.9785949129897913,102.37,1.5
2025-03-13,1367.292789473684,1480.9223157894744,0.9232711094266853,76.76,1.5
2025-03-14,1022.5499736842112,1057.9723947368425,0.9665185772059373,51.500000000000014,1.5
2025-03-15,1158.0871315789475,1319.6247250000001,0.8775882337146627,84.96000000000001,1.5
2025-03-16,2398.2819999999997,2398.6520000000005,0.999845746694393,139.81,0.95
2025-03-17,2937.299236842106,3144.347736842105,0.9341521621244285,149.38000000000002,1.5
2025-03-18,3362.144631578948,3429.3795263157895,0.9803944433035464,172.37,1.5
2025-03-19,4527.151236842105,4660.480368421053,0.9713915474288075,248.74,1.5
2025-03-20,4931.130500000001,5116.650947368422,0.9637418207189145,279.64,1.5
2025-03-21,2035.3434736842114,2326.8903421052632,0.8747053682997052,156.0,1.5
2025-03-22,1283.2655526315789,1294.810947368421,0.9910833355554284,75.21000000000001,1.5
2025-03-23,2313.121526315789,2440.166210526316,0.9479360530186489,137.5,1.5
2025-03-24,2106.8854473684214,2152.386473684211,0.9788601968688708,113.05000000000001,1.5
2025-03-25,1800.3644736842111,1830.435815789474,0.9835714850824786,97.91000000000001,1.5
2025-03-26,1300.931815789474,1546.129184210526,0.8414121077817615,85.03999999999999,1.5
2025-03-27,2840.765789473685,2913.147447368421,0.9751534519956682,164.03,1.5
2025-03-28,3160.486657894737,3358.363157894737,0.941079481075524,166.02,1.5
2025-03-29,1896.026921052632,2583.8005,0.7338132030908083,150.16,1.5
2025-03-30,1439.7115,1595.4064250000001,0.9024104939279028,87.78,0.95
2025-03-31,2734.0240526315793,2866.9755526315794,0.9536265665474668,120.71000000000001,1.5
2025-04-01,2950.0754210526316,3161.4515,0.9331395471518799,169.07,1.5
2025-04-02,3040.373447368421,3281.4510526315794,0.9265332313673169,171.33,1.5
2025-04-03,3591.1460263157896,3862.5595263157893,0.9297322156070742,171.88,1.5
2025-04-04,3544.6266052631577,3558.3462631578946,0.9961443724471712,181.48,1.5
2025-04-05,2535.253368421053,2714.709667105263,0.9338948467091263,158.33,1.5
2025-04-06,4534.946684210526,4604.459921052631,0.9849030639784103,247.47,1.5
2025-04-07,3395.04952631579,3743.4225263157896,0.9069373020141378,173.78,1.5
2025-04-08,3572.7309473684218,3578.620947368421,0.9983541145914516,163.72000000000003,1.5
2025-04-09,2892.6859210526313,2901.120552631579,0.9970926297525635,168.84,1.5
2025-04-10,3116.650578947368,3164.858078947368,0.9847678793811716,170.51,1.5
2025-04-11,3052.2181578947366,3111.981315789474,0.9807957851187881,159.99,1.5
2025-04-12,3190.8748717105263,3221.37305,0.9905325531020154,192.07,1.5
2025-04-13,2251.1189098684213,2549.0805,0.883110168497394,146.03,1.5
2025-04-14,2224.208131578948,2242.628921052632,0.991786073344208,118.36,1.5
2025-04-15,2559.976368421053,2708.7502894736845,0.9450765463207247,141.54,1.5
2025-04-16,2433.2008421052633,2471.737157894737,0.9844092177574835,124.12,1.5
2025-04-17,954.7431842105265,1083.2326578947373,0.8813833087954253,52.349999999999994,1.5
2025-04-18,831.7166578947372,1000.1013684210527,0.8316323566358487,63.879999999999995,1.5
2025-04-19,2487.4755000000005,2547.744842105264,0.9763440431281722,149.97,0.95
2025-04-20,3179.5692750000003,3452.9571559210526,0.9208250005499625,197.37,1.40125
2025-04-21,1939.495947368421,2240.445,0.8656744295746697,130.70999999999998,1.5
2025-04-22,2848.684684210527,3286.5896842105267,0.8667600637512531,195.54,1.5
2025-04-23,1443.1872894736841,1529.4687368421053,0.9435873089197191,75.67999999999999,1.5
2025-04-24,719.5811578947372,768.522657894737,0.9363174273429122,43.56999999999999,1.5
2025-04-25,1343.1102894736837,1434.5481842105262,0.9362601439650049,82.78999999999999,1.5
2025-04-26,2083.1555,2088.5955000000004,0.9973953788562694,122.25,0.95
2025-04-27,4519.9464421052635,4611.558268421052,0.9801343014696081,254.04000000000002,1.5
2025-04-28,3639.722605263158,3681.642605263158,0.9886137780076555,200.99,1.5
2025-04-29,2988.390710526316,3091.238342105263,0.9667293103291079,176.65,1.5
2025-04-30,2994.1235,3059.0278947368424,0.9787826731333465,182.64000000000001,1.5
2025-05-01,4833.181500000001,5142.417403947369,0.9398656546802295,294.37,1.5
2025-05-02,2628.8214210526316,2655.0599736842105,0.9901175292115267,154.4,1.5
2025-05-03,1403.3661315789477,1621.081,0.8656977236664595,100.85000000000001,1.5
2025-05-04,2006.4578888157896,2031.645,0.9876026022340466,117.39,1.5
2025-05-05,1605.4660526315788,1669.4250526315786,0.9616880075573451,79.25999999999999,1.5
2025-05-06,2092.800210526316,2165.283868421053,0.9665246395856665,123.01,1.5
2025-05-07,1606.677763157895,1654.0751315789475,0.9713450933901606,83.23,1.5
2025-05-08,1892.7481842105267,2015.4891842105267,0.9391011368547344,121.33000000000001,1.5
2025-05-09,2810.2351315789474,2861.9688947368422,0.9819237157842515,149.87,1.5
2025-05-10,4817.7995,4860.23057368421,0.991269740593388,277.73,0.95
2025-05-11,6967.970728947368,7125.04479736842,0.9779546553196317,375.18,1.5
2025-05-12,3935.895210526316,3967.376157894737,0.99206504598618,207.7,1.5
2025-05-13,3899.8900000000003,3973.444894736843,0.9814883818234721,239.58,1.5
2025-05-14,3204.8894210526314,3416.439263157895,0.9380788517487875,190.26999999999998,1.5
2025-05-15,2535.3348421052633,2775.1399210526315,0.9135881123945605,145.5,1.5
2025-05-16,2872.2120263157894,2930.8169736842106,0.980003887006717,158.06,1.5
2025-05-17,2422.078986184211,2519.5950000000003,0.96129694898752,141.48000000000002,1.5
2025-05-18,2477.1527822368425,2508.6535000000003,0.9874431770815867,145.47,1.5
2025-05-19,3597.959657894737,3652.7651578947375,0.9849961610913998,224.11,1.5
2025-05-20,3219.2208947368417,3336.669315789474,0.9648007009574328,192.24,1.5
2025-05-21,1972.6458947368426,2134.2123947368423,0.9242968973479692,118.74000000000001,1.5
2025-05-22,2568.433052631579,2610.90902631579,0.9837313467240381,142.65,1.5
2025-05-23,2721.9015789473688,2761.3811052631577,0.9857029780349618,139.29,1.5
2025-05-24,1783.5330000000001,1971.944,0.9044541832830953,112.77,0.95
2025-05-25,1905.802361842105,1956.5515,0.974061946154806,112.46,1.5
2025-05-26,3238.7617631578946,3612.9382631578947,0.8964342945420412,171.32,1.5
2025-05-27,2244.7548421052634,2349.6948947368423,0.9553388600083196,137.57999999999998,1.5
2025-05-28,1623.6489210526322,1787.4499210526317,0.9083605095333038,97.81,1.5
2025-05-29,1205.7825526315792,1424.9985000000001,0.8461640855282156,101.11999999999999,1.45
2025-05-30,2868.027526315789,2974.1140263157895,0.9643300495336368,148.98999999999998,1.5
2025-05-31,3466.022578947369,3637.8175,0.9527752777447931,205.54,1.5
2025-06-01,1767.9965000000002,2239.8915,0.7893223845887178,127.27,1.5
2025-06-02,3999.302342105263,4057.1124736842107,0.9857509171969169,234.37,1.5
2025-06-03,2275.73305263158,2481.978052631579,0.9169029718931951,137.22,1.5
2025-06-04,2948.0374210526315,3174.327421052631,0.9287124577952454,183.16,1.5
2025-06-05,2049.2636315789473,2344.273710526316,0.8741571525446423,129.33,1.5
2025-06-06,2210.5651052631574,2500.721578947369,0.8839709001885978,134.35,1.5
2025-06-07,1929.737340131579,1959.4900000000005,0.9848161205883054,111.13000000000001,1.5
2025-06-08,2113.1635,2248.251600657895,0.9399141534611319,146.9,0.95
2025-06-09,2814.90545,3322.4322105263154,0.8472424030448716,167.75,1.4012499999999999
2025-06-10,1732.3416052631583,1947.1316052631582,0.8896890177225741,102.2,1.5
2025-06-11,3860.416552631579,3909.4648947368414,0.9874539499839751,220.4,1.5
2025-06-12,2777.7064473684213,2888.7080263157895,0.9615739708076563,159.9,1.5
2025-06-13,2178.571,2309.4738947368423,0.9433191710739132,117.28,1.5
2025-06-14,2791.454,2944.3053125,0.9480857804212518,165.26999999999998,0.95
2025-06-15,2072.138575,2444.5165,0.8476680664663134,141.04000000000002,1.3537500000000002
2025-06-16,3505.8257631578954,3653.2569210526317,0.9596439119720449,190.0,1.5
2025-06-17,4439.69705263158,4549.870315789474,0.9757854058443032,248.0,1.5
2025-06-18,2868.9896842105263,2943.6333157894737,0.9746423472045368,177.62,1.5
2025-06-19,3660.9488157894734,3823.3963907894736,0.9575122330001318,207.24,1.45
2025-06-20,3376.3828875,3457.381657894738,0.976572221869176,202.29,1.3537500000000002
2025-06-21,3392.373830263158,3423.092,0.9910261921862334,195.28,1.5
2025-06-22,4107.5000375,4144.576950000001,0.9910541140996307,233.34000000000003,1.3537500000000002
2025-06-23,2108.3703157894734,2511.8421578947373,0.8393721353719822,130.53,1.5
2025-06-24,2822.9074473684213,2829.8774473684216,0.997536995813553,146.65,1.5
2025-06-25,4386.641105263158,4387.661105263159,0.9997675299036252,247.53,1.5
2025-06-26,753.9702894736844,940.0657894736843,0.8020399188186719,71.91999999999999,1.5
2025-06-27,2321.3858421052637,2402.3235789473683,0.9663085616145144,127.07,1.5
2025-06-28,1956.670975,2214.6620000000003,0.8835077203654552,126.95,1.4012499999999999
2025-06-29,2492.4515,2492.4515,1.0,142.07999999999998,0.95
2025-06-30,4521.393763157896,4609.769605263158,0.9808285772016978,279.01000000000005,1.5
2025-07-01,6324.663947368421,7289.057789473684,0.86769293508717,433.72,1.5
2025-07-02,2631.6350263157897,3263.005026315789,0.8065065806187648,207.48,1.5
2025-07-03,2198.1517368421055,2399.915157894737,0.9159289359088747,141.95,1.5
2025-07-04,2613.2974210526318,2642.6708421052635,0.9888849490505478,151.66,1.5
2025-07-05,2103.7544868421055,2177.1319999999996,0.9662962497644175,125.22,1.5
2025-07-06,1902.0810875000002,2032.4305,0.9358652546790655,119.19000000000001,1.5
2025-07-07,916.9446842105262,1327.0688157894738,0.6909548874185816,101.61999999999999,1.5
2025-07-08,1283.5192631578948,1342.7957631578952,0.9558559077810925,70.30000000000001,1.5
2025-07-09,1793.0840789473689,1804.3461052631578,0.993758389101216,100.46000000000001,1.5
2025-07-10,1578.7775000000001,1680.6634999999997,0.939377513702178,95.16,1.5
2025-07-11,1369.8429473684214,1430.0729473684214,0.9578832673460235,86.03999999999999,1.5
2025-07-12,2177.3700000000003,2220.12,0.9807442840927519,125.02,0.95
2025-07-13,2203.05,2262.387,0.973772391726084,127.7,0.95
2025-07-14,1397.5632368421054,1508.7907368421054,0.926280366598221,85.75,1.5
2025-07-15,1620.483605263158,1666.3130263157896,0.9724965115624403,101.79,1.5
2025-07-16,1012.2884210526317,1026.912394736842,0.9857592782411027,60.97999999999999,1.5
2025-07-17,1230.2559736842104,1367.061973684211,0.8999269948008938,82.22,1.5
2025-07-18,1216.3900526315792,1237.7778421052633,0.9827208173016679,75.35000000000001,1.5
2025-07-19,1953.7135000000003,2016.4985000000001,0.968864345795447,114.48,0.95
2025-07-20,2048.3900000000003,2059.9312894736845,0.9943972454165532,116.01,0.95
2025-07-21,813.0120263157893,904.5083684210528,0.8988441176448336,46.83,1.5
2025-07-22,2009.6200789473685,2131.3893157894736,0.9428686087801836,113.05,1.5
2025-07-23,1653.3758421052635,1689.1105789473684,0.9788440512495196,96.00999999999999,1.5
2025-07-24,1144.755368421053,1170.4152894736842,0.9780762253506018,73.72999999999999,1.5
2025-07-25,464.0096315789474,599.1669736842106,0.7744245793886204,44.89999999999999,1.5
2025-07-26,1196.0475,1197.6975,0.998622356646816,77.19999999999999,0.95
2025-07-27,1703.7325,1732.3625000000002,0.9834734358426714,105.86,0.95
2025-07-28,894.3963947368425,927.6163381578948,0.9641878414010882,53.64,1.5
2025-07-29,2298.3916052631585,2320.534763157895,0.9904577348952949,124.94000000000001,1.5
2025-07-30,1654.9912631578948,1695.5646578947365,0.9760708655090636,98.36999999999999,1.5
2025-07-31,1536.9603421052634,1536.9603421052634,1.0,93.21000000000001,1.5
2025-08-01,974.4995526315788,1200.3159999999996,0.8118691683119938,70.17,1.5
2025-08-02,1930.0295,1931.046,0.9994736013538776,109.49,0.95
2025-08-03,1907.3835000000001,1920.3700000000001,0.9932375011065576,107.95,0.95
2025-08-04,1563.4835263157897,1689.221657894737,0.9255644568660967,102.7,1.5
2025-08-05,2674.8739210526314,2731.359236842105,0.9793197046263384,118.98,1.5
2025-08-06,3359.062657894737,3490.2125263157895,0.9624235293890564,181.95,1.5
2025-08-07,2410.4112105263157,2496.994210526316,0.9653251098320528,143.93,1.5
2025-08-08,2709.9677368421058,2808.247710526316,0.9650030966585241,151.53,1.5
2025-08-09,2482.441,2492.8655000000003,0.99581826616799,142.99,0.95
2025-08-10,3245.0924999999997,3267.332728289474,0.9931931547415076,183.53,0.95
2025-08-11,3328.5583421052634,3483.050842105263,0.9556444889829343,191.95,1.5
2025-08-12,2726.567105263158,2746.0611052631575,0.9929011047996575,153.16,1.5
2025-08-13,3183.2617631578946,3194.804263157895,0.996387102604968,198.75,1.5
2025-08-14,3778.551105263158,3805.500105263158,0.9929184077638763,242.86999999999998,1.5
2025-08-15,2032.9721842105266,2119.864,0.959010664934414,124.01,1.5
2025-08-16,1797.1160000000002,1799.2055,0.9988386540614733,102.63000000000001,0.95
2025-08-17,1955.5483519736842,1977.777,0.988760791521837,111.91,1.5
2025-08-18,3421.824763157895,3451.9868684210533,0.9912623928152559,183.19,1.5
2025-08-19,1981.5010263157903,2098.239842105264,0.9443634548125137,119.65,1.5
2025-08-20,1623.6021842105267,1676.7395526315795,0.9683091101789448,100.15,1.5
2025-08-21,833.5141315789477,911.363605263158,0.9145791282045643,60.63,1.5
2025-08-22,2071.6910000000003,2119.433236842105,0.9774740548500412,112.98,1.5
2025-08-23,2163.6865000000003,2165.8865000000005,0.9989842496363497,123.61,0.95
2025-08-24,2198.8360000000002,2198.8360000000002,1.0,124.76,0.95
2025-08-25,3696.6687105263154,3719.8035526315784,0.9937806279880301,226.89,1.5
2025-08-26,2864.3610789473682,2900.9657368421053,0.9873819061597798,170.6,1.5
2025-08-27,3111.3679736842114,3120.271842105263,0.9971464446459753,171.39,1.5
2025-08-28,1640.5979736842107,1942.6361578947372,0.8445214854140007,122.91,1.5
2025-08-29,1477.236815789474,1532.1070789473686,0.9641864045197198,93.72,1.5
2025-08-30,2282.584,2342.576184210526,0.9743905087847786,130.35999999999999,0.95
2025-08-31,2388.965,2391.9535,0.9987506028022702,136.1,0.95
2025-09-01,3821.297552631579,3860.0391315789475,0.9899634232641779,225.62,1.5
2025-09-02,4109.2142105263165,4137.033921052632,0.9932754453898128,232.96999999999997,1.5
2025-09-03,2028.6319210526322,2118.976921052632,0.9573638584250744,112.62,1.5
2025-09-04,5643.604973684211,6108.185710526315,0.9239412881567293,346.8,1.5
2025-09-05,1573.8334473684213,1658.0439473684214,0.9492109360951164,84.36,1.5
2025-09-06,2524.2702368421055,2679.267,0.9421495643555143,159.38,1.5
2025-09-07,2837.9125000000004,2856.546261184211,0.9934768214898485,161.7,0.95
2025-09-08,5756.5095,5840.9395,0.9855451336210552,352.82000000000005,1.5
2025-09-09,5459.999447368421,5508.133657894738,0.991261248634131,300.89,1.5
2025-09-10,3347.2982894736842,3357.803552631579,0.9968713883962445,189.1,1.5
2025-09-11,2531.3504736842106,2770.2652894736843,0.9137574236311264,133.58,1.5
2025-09-12,3657.185710526316,3769.243342105263,0.9702705234424164,164.02,1.5
2025-09-13,2066.5669210526316,2137.6335,0.966754554067679,121.91000000000001,1.5
2025-09-14,2491.0205000000005,2702.8885526315794,0.9216142106838625,153.29999999999998,0.95
2025-09-15,1280.157078947368,1689.2677105263156,0.757817763857285,68.58,1.5
2025-09-16,2325.506157894737,2445.048894736842,0.9511082428251516,133.02,1.5
2025-09-17,2680.586631578948,2823.281631578948,0.9494577521406548,134.70000000000002,1.5
2025-09-18,3076.751052631579,3096.8128947368423,0.9935217777801949,134.23,1.5
2025-09-19,5884.7013157894735,6646.135815789473,0.8854319982160114,409.24,1.5
2025-09-20,2428.6161315789477,2505.7852368421054,0.969203623627215,144.95999999999998,1.5
2025-09-21,2092.8712368421047,2171.207289473684,0.9639205095656397,122.58999999999999,1.5
2025-09-22,1400.8155789473685,1417.2315789473685,0.9884168542079815,70.68999999999998,1.5
2025-09-23,1795.831763157895,1879.6516578947374,0.955406686986501,98.12000000000002,1.5
2025-09-24,2088.629552631579,2160.7625263157897,0.9666168897295709,110.55,1.5
2025-09-25,2199.0834736842107,2295.4799736842106,0.9580059503436726,108.96,1.5
2025-09-26,1066.6501315789476,1235.7310000000007,0.8631734022849205,59.860000000000014,1.5
2025-09-27,1805.7552631578951,1817.641052631579,0.993460870914818,112.50000000000001,1.5
2025-09-28,2126.055184210527,2194.0955125,0.968989349870213,129.44,1.5
2025-09-29,5970.748315789473,6082.564368421054,0.9816169553071895,329.7,1.5
2025-09-30,5497.373921052631,5535.604710526316,0.9930936561635286,271.72999999999996,1.5
2025-10-01,4618.322684210527,4783.31677631579,0.9655063421845239,273.9675,1.5
2025-10-02,2181.3053618421054,2633.1000065789476,0.8284172102814144,120.5875,1.5
2025-10-03,1720.0261052631581,1835.2873223684214,0.937197181225815,109.65249999999999,1.5
2025-10-04,-0.2208026315789473,61.6442,-0.003581888183786103,5.835,1.5
2025-10-05,502.74409210526323,576.8623092105263,0.8715148902574366,40.0275,1.5
2025-10-06,2610.3619210526317,2846.540671052632,0.9170295536607727,159.2125,1.5
2025-10-07,3577.02595394737,3829.904046052632,0.9339727342866733,198.12,1.5
2025-10-08,2320.2908618421056,2350.4036776315797,0.9871882366097139,112.0275,1.5
2025-10-09,913.9548190789476,1094.4454144736844,0.8350848813400765,66.7,1.5
2025-10-10,886.3054296052633,984.690578947369,0.9000852131161049,47.60000000000001,1.5
2025-10-11,1293.4385197368424,1367.5963552631583,0.9457750561845815,83.4,1.5
2025-10-12,737.3170394736846,903.8201250000002,0.8157785150819523,64.48,1.45
2025-10-13,4631.362355263159,4896.097019736843,0.9459294488229089,217.4525,1.5
2025-10-14,5683.66220394737,6056.763980263158,0.9383991554679042,308.3375,1.5
2025-10-15,3243.271940789474,3853.5174407894738,0.8416393569312668,190.57,1.5
2025-10-16,759.4373223684206,1133.6629736842106,0.6698969093966078,59.114999999999995,1.5
2025-10-17,1005.7605263157901,1021.9967105263161,0.9841132715562612,58.11750000000001,1.5
2025-10-18,964.0848947368427,1043.179934210526,0.9241789101958311,65.70250000000001,1.5
2025-10-19,1074.351013157895,1336.4398750000003,0.8038902709019325,87.3925,1.5
2025-10-20,1255.8345394736841,1619.0284078947368,0.77567171357214,80.1225,1.5
2025-10-21,1858.2588750000002,2180.763125,0.8521140392081786,99.52250000000001,1.5
2025-10-22,3531.6229539473693,3728.7353223684213,0.9471369374922943,211.07749999999996,1.5
2025-10-23,185.59507894736873,823.635934210527,0.2253363060528262,54.852500000000006,1.5
2025-10-24,2128.142993421053,2154.177574013158,0.9879143758127592,84.88000000000001,1.5
2025-10-25,944.4407236842105,1029.9255921052631,0.916998986066252,61.2725,1.5
2025-10-26,579.5793552631578,754.0521781250002,0.768619695130806,42.755,1.5625
2025-10-27,1660.9456250000003,2222.5737500000005,0.7473073165738594,126.53999999999999,1.5
2025-10-28,1373.9831907894736,1891.0315855263161,0.7265786575463591,100.0075,1.5
2025-10-29,1225.580171052632,1471.684315789474,0.8327738210590215,74.70750000000001,1.5
2025-10-30,1727.445177631579,2281.1214210526314,0.757278925044877,117.9325,1.5
2025-10-31,461.8802236842107,1175.4896578947373,0.3929258080512786,64.44500000000002,1.5
2025-11-01,793.2777500000003,1396.976263157895,0.5678534209355705,77.42750000000001,1.5
2025-11-02,951.48390131579,1118.4428750000002,0.8507219479723449,71.74499999999999,1.5
2025-11-03,310.3902434210529,646.5691973684214,0.4800572694838562,88.53999999999999,1.5
2025-11-04,2535.3455921052628,2749.4060526315798,0.9221430169176248,124.175,1.5
2025-11-05,1359.784171052632,1651.843638157895,0.8231918201222955,85.41,1.5
2025-11-06,1290.342657894737,1293.5449605263163,0.9975243978916075,70.55499999999999,1.5
2025-11-07,1616.9019736842106,1629.1032236842102,0.9925104500300438,89.73499999999999,1.5
2025-11-08,352.5862697368424,534.5720000000002,0.6595674104458188,42.56,1.5
2025-11-09,302.0987500000001,444.07375000000025,0.6802895915374416,37.485,0.95
2025-11-10,775.4815723684214,1148.6396907894741,0.6751303986678568,74.005,1.5
2025-11-11,883.8948881578954,1197.9156249999999,0.737860722167219,68.38749999999999,1.5
2025-11-12,1105.3057500000002,1209.5963092105267,0.9137806899571359,58.46,1.5
2025-11-13,2236.9236710526316,2450.090546052632,0.9129963276894253,125.80250000000001,1.5
2025-11-14,605.6315657894736,774.4334210526317,0.7820318045756368,59.69749999999999,1.5
2025-11-15,699.4848750000002,769.4786250000002,0.9090374342757085,53.6425,0.95
2025-11-16,457.71237500000007,520.423,0.8795006658045476,43.7,0.95
2025-11-17,782.8003750000007,1059.1972500000004,0.739050611205798,55.670000000000016,1.5
2025-11-18,1219.7042434210525,1255.1355197368428,0.9717709555991062,73.9425,1.5
2025-11-19,871.2462236842108,936.7738421052637,0.9300496923848887,53.485000000000014,1.5
2025-11-20,1424.129032894737,1550.275611842106,0.9186295791640069,89.03499999999998,1.5
2025-11-21,2501.863960526316,3269.0280855263163,0.7653234830264586,161.685,1.5
2025-11-22,244.7541907894739,570.8534407894733,0.42875136296101873,39.08749999999999,1.5
2025-11-23,205.71587499999987,234.79212499999994,0.8761617324260765,22.9125,0.95
2025-11-24,2373.275125,3014.033125000001,0.7874084413057004,193.42000000000002,1.5
2025-11-25,4059.37025,4840.472960526317,0.8386309112981005,277.21500000000003,0.95
2025-11-26,2676.9937171052643,4020.828342105265,0.6657816472969889,206.28500000000003,1.5
2025-11-27,185.44926973684233,642.4501315789475,0.2886594003507545,53.64749999999998,1.5
2025-11-28,644.5058092105264,829.6162500000003,0.7768722095432994,56.7875,1.5
2025-11-29,-124.97581578947347,276.2626118421057,-0.4523804902738767,29.357500000000016,1.45
2025-11-30,335.8280000000001,538.3988749999999,0.6237531607026485,40.8575,0.95
2025-12-01,-45.26187499999985,1003.5534342105268,-0.045101609398214414,67.53,0.95
2025-12-02,898.9618618421052,1855.8071250000003,0.4844047906336738,112.73499999999999,1.5
2025-12-03,2170.1203223684215,3931.933322368421,0.5519219540226684,219.27750000000003,1.5
2025-12-04,524.0255986842103,1008.3021250000006,0.5197108938793618,73.62750000000001,1.45
2025-12-05,1472.0141250000004,1472.4547500000003,0.9997007548109713,100.31,0.95
2025-12-06,109.20562500000057,387.01212500000065,0.2821762367264343,31.002500000000012,0.95
2025-12-07,380.91650000000004,781.505375,0.48741379417895886,70.0825,0.95
2025-12-08,1693.5168157894736,1803.9681250000003,0.9387731370195209,104.25999999999999,1.5
2025-12-09,310.56050000000005,687.3107687500004,0.451848732946249,74.33,0.95
2025-12-10,1075.7942039473687,1239.5152105263157,0.8679152904388896,74.6725,1.5
2025-12-11,517.3406184210529,672.0914934210532,0.7697473089381126,42.89,1.45
2025-12-12,695.3349934210526,930.363496875,0.7473799173727417,63.04499999999999,1.5
2025-12-13,251.54025000000013,522.7513223684209,0.4811852964050876,40.565,0.95
2025-12-14,225.91662499999984,278.9580000000003,0.8098589214146917,27.542500000000004,0.95
2025-12-15,380.2361644736841,605.9228684210527,0.6275322888283198,37.9875,1.45
2025-12-16,999.9339013157894,1270.291875,0.7871686192716847,85.10749999999999,1.5
2025-12-17,427.269875,640.8884343750001,0.6666837035632844,48.46000000000001,0.95
2025-12-18,1084.5463618421052,1085.7728092105262,0.9988704383108352,95.84,1.45
2025-12-19,1600.5512697368422,1822.1827500000002,0.8783703334568621,103.965,1.5
2025-12-20,428.5770000000003,475.05812500000025,0.9021569728967378,38.99249999999999,0.95
2025-12-21,-188.72399999999993,146.3766250000001,-1.2893042178011673,36.10499999999999,0.95
2025-12-22,247.3608750000003,511.23775000000023,0.48384704572383436,41.582499999999996,0.95
2025-12-23,146.6211315789477,321.7047500000001,0.455763029855629,27.352500000000006,1.5
2025-12-24,398.29123026315824,496.52236842105276,0.8021617062887403,33.29249999999999,1.45
2025-12-25,679.0334210526316,795.5732236842107,0.8535146744986009,48.2875,1.5
2025-12-26,263.64871250000033,511.5855460526318,0.5153560622154016,38.1575,1.40125
2025-12-27,92.69637500000022,485.44744736842097,0.1909503809372183,33.88749999999999,0.95
2025-12-28,352.12213125000017,504.1666118421057,0.6984241379321592,35.6375,1.3537500000000002
2025-12-29,382.73417105263206,431.67025657894783,0.8866354936887668,31.6875,1.5
2025-12-30,627.0813223684213,653.872822368422,0.959026435900856,42.17750000000001,1.5
2025-12-31,350.8030526315795,429.65909868421113,0.8164683436377338,35.16749999999999,1.5
2026-01-01,259.7886973684211,370.12725,0.7018902211831771,58.2875,1.5
2026-01-02,1513.1005000000002,1616.8651842105266,0.9358235397583924,88.9075,0.95
2026-01-03,318.92376315789534,475.307,0.670984780695204,37.802499999999995,1.5
2026-01-04,427.15575000000024,478.2682500000001,0.8931300582884191,38.6225,0.95
2026-01-05,1502.961046052632,2196.3639210526326,0.6842950895552503,137.1125,1.5
2026-01-06,757.7394276315797,1018.2460065789485,0.7441614528667727,76.0025,1.45
2026-01-07,447.3317828947372,651.517039473684,0.6866002817917178,44.405,1.5
2026-01-08,1192.5905855263163,3081.3959999999997,0.3870293157797039,185.54999999999998,1.5
2026-01-09,371.9197500000002,653.1985000000002,0.5693824312211373,46.08500000000001,0.95
2026-01-10,1127.9201249999996,1132.3317500000003,0.9961039465686619,73.29,0.95
2026-01-11,283.8173750000003,388.6173749999998,0.730326005109783,34.647499999999994,0.95
2026-01-12,363.01506578947374,810.2168750000001,0.44804678474448423,56.17499999999998,1.45
2026-01-13,562.8590000000004,792.623375,0.7101216261758624,59.52499999999999,0.95
2026-01-14,484.2341250000002,1881.2521776315798,0.25739990138357277,115.7275,0.95
2026-01-15,670.5198750000003,824.0311250000001,0.8137069761776294,64.34,0.95
2026-01-16,1555.463013157895,1592.39775,0.9768055833775794,103.09499999999998,1.45
2026-01-17,521.1511250000005,620.8156250000002,0.839461998077127,47.660000000000025,0.95
2026-01-18,289.491,543.553625,0.5325895858021368,45.33999999999999,0.95
2026-01-19,1949.722197368422,2084.036796052632,0.93555075469943,108.0925,1.5
2026-01-20,3179.509171052632,4061.407888157895,0.7828588653514288,173.1125,1.5
2026-01-21,1265.5316710526322,1370.450157894737,0.9234423183961109,77.70500000000001,1.5
2026-01-22,923.8676250000005,997.5461776315794,0.9261402085600589,53.265,1.5
2026-01-23,845.3088223684213,1012.4145263157898,0.8349433956114085,57.935,1.5
2026-01-24,468.287440789474,690.7801776315791,0.6779109417920074,49.175,1.45
2026-01-25,-19.20305921052568,397.08000000000015,-0.04836068099759664,37.41,1.45
2026-01-26,1249.8438421052635,1397.8121578947375,0.8941429183071845,83.66499999999999,1.5
2026-01-27,653.790552631579,1123.359855263158,0.5819956531012248,66.08999999999999,1.45
2026-01-28,1004.4431052631578,1130.566243421053,0.8884425049024539,71.40499999999999,1.45
2026-01-29,893.712875,965.8653749999997,0.9252975602319322,68.01249999999999,0.95
2026-01-30,606.8855000000003,658.8477500000004,0.9211316271475466,54.34,0.95
2026-01-31,548.4040000000001,563.51775,0.9731796380859346,45.13499999999999,0.95
2026-02-01,406.2631250000002,537.837125,0.7553646003890121,43.38249999999999,0.95
2026-02-02,216.98174342105312,662.7029736842105,0.3274192995012102,49.155,1.5
2026-02-03,590.9207302631582,753.7972368421056,0.7839253069415744,49.50749999999999,1.5
2026-02-04,467.08042763157937,621.5933026315798,0.7514244855183378,45.297499999999985,1.5
2026-02-05,717.849934210527,744.7888947368417,0.9638300722302886,53.067499999999995,1.5
2026-02-06,350.2559539473689,608.1263750000006,0.5759591564292348,46.6525,1.5
2026-02-07,382.1278749999999,539.3676118421058,0.7084738990814002,38.937499999999986,0.95
2026-02-08,269.75445312499994,403.0791250000002,0.6692344911808564,36.407499999999985,1.40125
2026-02-09,1493.1676776315794,2078.8881118421054,0.7182530262816702,131.76,1.5
2026-02-10,499.30329605263205,558.3927565789481,0.8941793928554269,43.29999999999998,1.5
2026-02-11,417.3310921052631,493.73937499999977,0.8452457171463453,42.38749999999999,1.5
2026-02-12,554.6077434210526,560.9010000000005,0.9887800938508794,40.769999999999996,1.5
2026-02-13,874.7510263157906,884.3772763157901,0.9891152223629022,54.167499999999976,1.5
2026-02-14,504.7911375000007,567.0592894736847,0.8901911085320936,44.420000000000016,1.40125
2026-02-15,-373.2193749999998,429.66049999999996,-0.868637854771383,43.737500000000004,0.95
2026-02-16,948.8161710526326,1021.1809687500005,0.9291361669362604,65.945,1.5
2026-02-17,602.7220986842111,801.0000065789473,0.7524620396177316,44.68249999999999,1.5
2026-02-18,1198.544197368421,1675.5204407894737,0.7153265147894523,96.6275,1.5
2026-02-19,106.67659210526335,418.12286842105254,0.25513216368218183,35.8625,1.5
2026-02-20,282.1590657894744,455.75256578947403,0.6191058196254068,69.3375,1.5
2026-02-21,1082.7948124999998,1173.1166118421052,0.923006972682557,72.4525,1.4012499999999999
2026-02-22,501.2632960526321,687.1159276315791,0.7295177944432715,44.567499999999995,1.5
2026-02-23,1775.1102697368422,2297.2834539473683,0.7726997148247909,107.995,1.5
2026-02-24,1451.813888157895,2009.1267763157898,0.7226093969142853,101.69000000000001,1.5
2026-02-25,870.3028684210526,1217.5655526315788,0.7147893323197492,70.535,1.5
2026-02-26,1835.200032894737,1959.5479078947371,0.9365425695901486,99.0425,1.5
2026-02-27,2246.905157894737,2325.124105263158,0.9663592376891348,118.1125,1.5
2026-02-28,1600.9508750000002,1641.713,0.9751709799459468,95.445,0.95
2026-03-01,1888.12425,2017.216763157895,0.9360046399000749,110.99,0.95
2026-03-02,2558.220072368421,3178.1829934210527,0.8049316473167291,158.9275,1.5
2026-03-03,3095.79425,3247.2896315789476,0.9533471298323072,171.89249999999998,1.5
2026-03-04,5399.6576184210535,5488.134493421053,0.9838785155309037,277.885,1.5
2026-03-05,3777.2971381578955,3793.1771381578956,0.9958135358772852,189.8975,1.5
2026-03-06,3233.4504539473683,3338.8505789473684,0.9684322126708559,180.9,1.5
2026-03-07,2782.590328947369,2952.25875,0.9425292850592344,179.455,1.45
2026-03-08,2717.927625,2733.673875,0.9942398944716841,160.265,0.95
2026-03-09,3225.8634407894738,3510.847223684211,0.9188276319823222,176.68,1.5
2026-03-10,2229.9883289473696,2246.9133289473693,0.9924674442124883,126.7875,1.5
2026-03-11,2570.3468815789474,2690.1228684210528,0.9554756445335127,146.8075,1.5
2026-03-12,2365.1659736842103,2398.047736842105,0.9862881115114098,139.6325,1.5
2026-03-13,3178.2861644736845,3251.6438618421057,0.9774398118350934,174.745,1.5
2026-03-14,803.5544736842112,949.1146710526319,0.846635815662838,67.97249999999998,1.5
2026-03-15,1499.8570781250003,1755.2910000000002,0.854477735102043,112.6575,1.4012499999999999
2026-03-16,3544.079381578947,3612.123440789474,0.981162310666865,167.8525,1.5
2026-03-17,1912.6148486842105,1962.2354736842112,0.9747121965403902,112.07000000000002,1.5
2026-03-18,3486.56227631579,3533.9584671052635,0.9865883565891772,180.335,1.5
2026-03-19,4057.9188421052636,4136.459868421053,0.9810125013141322,214.3825,1.5
2026-03-20,2890.180368421052,2924.852210526315,0.9881457798173591,146.7,1.5
2026-03-21,2317.513572368421,2489.1940000000004,0.9310297117735382,148.1275,1.5
2026-03-22,3312.9678750000007,3315.152875,0.9993409052063702,185.95,0.95
2026-03-23,3656.0603552631583,3998.52527631579,0.9143521930244802,214.9275,1.5
2026-03-24,1982.7867105263163,2436.569625,0.8137615646941819,141.0825,1.5
2026-03-25,2718.6327302631576,2723.4423947368423,0.9982339760580288,161.955,1.5
2026-03-26,3162.610888157895,3175.682888157895,0.9958837199870474,166.59,1.5
2026-03-27,2027.5225592105267,2139.680059210527,0.9475821165331686,116.79500000000002,1.5
2026-03-28,2456.745,2514.305125,0.9771069452041944,147.375,0.95
2026-03-29,1736.7223375000003,1826.5612125000007,0.9508152946722007,117.13,1.40125
2026-03-30,3066.467526315789,3187.22225,0.962112863737629,123.86500000000001,1.5
2026-03-31,2433.245881578948,2550.424664473684,0.954055187543084,122.51749999999998,1.5
2026-04-01,2097.2252171052633,2365.214039473684,0.8866957417401199,140.615,1.5
2026-04-02,2168.2198618421053,2302.5827565789473,0.9416468770327842,119.385,1.5
2026-04-03,1632.831460526316,1708.3642434210528,0.9557864880480758,134.21,1.5
2026-04-04,2535.313625,2696.7767894736844,0.9401273531039265,150.12,0.95
2026-04-05,2419.9751184210527,2633.1863401315786,0.91902919346761,138.525,1.5
2026-04-06,3103.8412565789477,4564.196821874999,0.680041062581493,241.64249999999998,1.5
2026-04-07,3813.7382500000003,4275.916197368421,0.8919113644807013,205.315,1.5
2026-04-08,4079.2052105263156,4119.117414473684,0.9903104961739799,202.7875,1.5
2026-04-09,2830.525118421053,2838.687223684211,0.9971246901754238,154.73749999999998,1.5
2026-04-10,2830.874453947369,2947.5127434210535,0.9604282323345251,166.5625,1.5
2026-04-11,2390.8062434210533,2877.7116101973684,0.8308011945842897,213.98000000000002,1.5
2026-04-12,2421.6405328947376,2680.380552631579,0.9034689236635401,144.8325,1.5
2026-04-13,1106.499223684211,1411.5986901315787,0.7838624613494587,76.48749999999998,1.5
2026-04-14,2332.8274210526315,2355.5804473684207,0.9903407984468507,129.5775,1.5
2026-04-15,2383.4594078947375,2482.9662763157894,0.9599241965667372,130.5675,1.5
2026-04-16,2476.3522171052637,2510.3986118421053,0.9864378531057828,141.55,1.5
2026-04-17,2428.7013486842106,2493.702184210527,0.9739340022485906,130.96,1.5
2026-04-18,2495.432,2610.8709999999996,0.955785253273716,148.97,0.95
2026-04-19,2177.196375,2233.017375,0.9750019858219867,127.11749999999999,0.95
2026-04-20,1833.7169736842106,1901.3591776315795,0.9644242893488293,112.63750000000002,1.5
2026-04-21,2769.7868750000002,2786.3299342105265,0.9940627780624933,148.475,1.5
2026-04-22,3194.3363157894737,3242.729684210527,0.9850763482825319,174.89499999999998,1.5
2026-04-23,3375.275921052632,3383.683421052632,0.9975152817347833,186.51500000000001,1.5
2026-04-24,3192.801085526316,3217.268585526316,0.992394946411974,167.99,1.5
2026-04-25,5014.802821875,5045.1687848684205,0.9939811799588361,291.49,1.3537500000000002
2026-04-26,10667.414579769735,11130.059282730263,0.958432862646259,571.585,1.5
2026-04-27,3487.2278881578954,3626.4020131578955,0.9616219810999922,188.94750000000002,1.5
2026-04-28,2686.6430394736844,2748.7435000000005,0.9774076917230305,151.1075,1.5
2026-04-29,3752.8799013157895,3899.6022960526316,0.9623750363247653,205.95499999999998,1.5
2026-04-30,3465.9215000000004,3776.6867631578953,0.9177148430234,210.64000000000001,1.5
2026-05-01,12336.554657894736,12805.010308717105,0.9634162222810969,672.325,1.5
2026-05-02,5430.265290460526,5430.265290460526,1.0,325.47749999999996,1.5
2026-05-03,2687.1242442434213,2723.4717499999997,0.9866539809871064,155.305,1.5
2026-05-04,3352.69865131579,3462.8041907894744,0.9682033596451834,197.42750000000004,1.5
2026-05-05,1135.3292236842112,1206.4746118421056,0.9410303478750656,66.1575,1.5
2026-05-06,1021.671605263158,1118.181421052632,0.913690377990164,67.57499999999999,1.5
2026-05-07,1895.7702960526321,1995.8156907894745,0.9498724280009704,119.7475,1.5
2026-05-08,1499.2994276315796,1565.3856118421058,0.9577828084590878,94.26999999999998,1.5
2026-05-09,2537.30825,2588.328,0.9802885298926566,147.055,0.95
2026-05-10,2249.514452302632,2331.047,0.9650232072981076,131.4825,1.5
2026-05-11,412.8155394736847,718.1737631578949,0.5748128943871271,58.067500000000024,1.5
2026-05-12,2132.3332039473685,2254.682309210527,0.9457355456405746,123.01250000000002,1.5
2026-05-13,1688.7179144736842,1774.331282894737,0.9517489381794709,101.06499999999998,1.5
2026-05-14,2246.608835526316,2568.57675,0.8746512384830688,147.6,1.5
2026-05-15,1824.6664605263159,1898.5447500000005,0.9610868853769791,113.3075,1.5
2026-05-16,2537.010625,2537.863625,0.9996638905291847,142.8875,0.95
2026-05-17,2748.718370888158,2778.5449999999996,0.9892653784222168,156.70499999999998,1.5
2026-05-18,2367.914618421052,2465.4763289473694,0.9604288593725939,156.0025,1.5
2026-05-19,1535.0463815789483,1766.2778684210532,0.8690854417777356,107.75750000000001,1.5
2026-05-20,1860.3280789473688,2315.7335855263154,0.8033428761299228,134.40999999999997,1.5
2026-05-21,3466.286440789474,3512.837690789474,0.9867482491086749,197.325,1.5
2026-05-22,3668.319315789474,3693.7281250000005,0.9931210938242709,218.4275,1.5
2026-05-23,3574.0945,3574.0945,1.0,206.3375,0.95
2026-05-24,4071.6526210526317,4073.752121052632,0.999484627454589,229.165,1.5
2026-05-25,3604.5437500000003,3604.5437500000003,1.0,201.48,0.95
2026-05-26,3650.535125,3745.6610197368427,0.9746037096695082,220.4475,0.95
2026-05-27,2828.4199868421056,2837.9185460526314,0.9966529838484132,159.2325,1.5
2026-05-28,6860.5294407894735,6904.776730263158,0.9935917856286718,393.9475,1.5
2026-05-29,3808.443184210527,3972.5627500000005,0.9586867279089616,240.66500000000002,1.5
2026-05-30,2989.77375,2989.77375,1.0,173.2875,0.95
2026-05-31,2733.8712875,2755.667625,0.9920903604983928,156.045,1.3537500000000002
2026-06-01,4665.250493421053,4701.721993421053,0.992242948423783,267.805,1.5
2026-06-02,1023.5432434210534,1337.0998750000003,0.7654949810095922,87.645,1.5
2026-06-03,1651.0130526315793,1930.4184473684209,0.8552617464271896,108.405,1.5
2026-06-04,2151.521861842106,2175.059282894737,0.9891784921736452,118.01,1.5
2026-06-05,2574.3765000000003,2965.3958421052635,0.868139242473726,162.155,1.5
2026-06-06,2380.1625125,2702.896125,0.8805971085921772,152.4625,1.4012499999999999
2026-06-07,3148.068375,3326.9590781249995,0.9462299658865,185.925,0.95
2026-06-08,2423.025394736842,2620.8354671052634,0.9245240401958904,154.42000000000002,1.5
2026-06-09,2178.9919276315795,2844.5797960526315,0.7660153990601088,156.13,1.5
2026-06-10,2226.8239999999996,2461.009065789474,0.9048418516433423,145.3025,1.5
2026-06-11,1944.1792039473692,2253.8246250000007,0.8626133472773502,143.27750000000003,1.5
2026-06-12,801.6205789473684,1077.9650197368424,0.7436424784387378,71.2925,1.5
2026-06-13,2290.2980000000002,2598.135937335526,0.8815158464528906,148.3525,0.95
2026-06-14,2380.560356743421,2395.8335,0.9936251232581149,137.28,1.5
2026-06-15,2601.0285789473683,2934.5840789473677,0.8863363628280688,159.1625,1.5
2026-06-16,2113.744717105264,2184.4696447368424,0.9676237535266377,130.6875,1.5
2026-06-17,1524.8185526315795,1613.2220000000002,0.9452006931665817,101.32250000000002,1.5
2026-06-18,7410.45969736842,7440.921309210527,0.9959062042754838,423.245,1.45
2026-06-19,3116.755552631579,3247.3303749999995,0.9597901022410076,190.125,1.5
2026-06-20,3158.88125,3168.915625,0.9968334988407903,182.56750000000002,0.95
2026-06-21,2674.073875,2674.110125,0.9999864440885732,150.27499999999998,0.95
2026-06-22,4036.7323881578955,4130.816414473686,0.9772238664526132,239.43750000000003,1.5
2026-06-23,8472.731565789472,8514.448671052633,0.9951004337597348,485.15999999999997,1.5
2026-06-24,8476.73275657895,10653.213888157894,0.7956972276696406,594.8375,1.5
2026-06-25,3470.1885723684227,4343.238315789475,0.7989864520564866,251.81250000000003,1.5
2026-06-26,5120.522427631579,5120.890703947369,0.9999280835430631,311.96000000000004,1.45
2026-06-27,3058.786125,3889.462875,0.7864289294701136,221.2225,0.95
2026-06-28,2790.922845888158,2847.5335000000005,0.9801194071599711,161.945,1.5
2026-06-29,3208.5908618421054,3857.6854736842106,0.8317398823024834,219.3375,1.5
2026-06-30,5314.487822368423,6963.067828947369,0.7632394158613032,405.69250000000005,1.5
2026-07-01,1688.6255065789476,2686.529256578948,0.6285528074722176,146.18,1.5
2026-07-02,1803.1667434210524,2227.152375,0.8096288173462097,163.1675,1.5
2026-07-03,2108.4285,2560.181552631579,0.8235464777225554,140.79250000000002,0.95
2026-07-04,2462.3295000000003,2483.905125,0.9913138288645384,141.34,0.95
2026-07-05,2474.149625,2481.6945000000005,0.9969597889667723,141.0575,0.95
2026-07-06,2334.3933815789474,2592.8066513157896,0.9003345391737161,146.2025,1.5
2026-07-07,2096.6737960526316,2248.939993421053,0.9322942373678916,123.815,1.5
2026-07-08,2636.8383881578948,2762.130789473684,0.954639222084171,152.7175,1.5
2026-07-09,2813.467394736843,3054.7911447368424,0.9210015550765948,175.3075,1.5
2026-07-10,2391.825697368421,2448.953,0.9766727647972097,149.3175,1.5
2026-07-11,2759.0687499999995,2790.118125,0.9888716629157053,157.35,0.95
2026-07-12,2778.8815000000004,2780.551875,0.999399264939087,155.6425,0.95
2026-07-13,2259.8006644736843,2654.441493421053,0.8513281117984807,150.0975,1.45
2026-07-14,2182.400302631579,2182.400302631579,1.0,130.65499999999997,1.5
2026-07-15,2496.2024802631577,2503.149355263158,0.9972247461041851,143.0575,1.5
2026-07-16,3242.577171052632,3421.4309473684207,0.9477254461460479,224.21,1.5
2026-07-17,929.8431250000006,1039.0258157894746,0.8949182117226658,72.365,0.95
2026-07-18,2510.5997500000003,2708.8562500000003,0.9268117309657905,159.14749999999998,0.95
2026-07-19,2739.06525,2762.657875,0.9914601713033324,154.6775,0.95
2026-07-20,3269.7007368421064,3303.6964868421064,0.9897097841356197,179.7225,1.5
2026-07-21,2995.930789473684,3083.189210526316,0.9716986486736775,173.56,1.5
2026-07-22,2787.0779210526316,2864.3519875,0.9730221471437198,161.7225,1.5
2026-07-23,3436.047888157895,3544.0548947368425,0.9695244543928072,190.0,1.5
2026-07-24,3335.803802631579,3406.563440789474,0.9792284396319663,196.6875,1.5
2026-07-25,3196.0887500000003,3244.5525,0.9850630402805935,182.59,0.95
2026-07-26,2704.505375,2710.244625,0.9978823867236709,154.45250000000001,0.95
2026-07-27,3152.8497500000003,3758.8773092105257,0.8387743176066024,179.70000000000002,0.95
2026-07-28,3914.388493421053,3962.432625000001,0.9878750918625531,216.8425,1.5
2026-07-29,4494.599138157895,4723.31657894737,0.9515769402777473,263.69000000000005,1.5
2026-07-30,2993.314513157895,3525.59925,0.8490229038816294,204.36,1.5
2026-07-31,1794.9123289473685,1823.990092105263,0.9840581572872839,112.37249999999999,1.45
2026-08-01,3189.038625,3220.8876250000003,0.9901117320105198,180.9625,0.95
2026-08-02,3293.250625,3300.8482500000005,0.9976982810403355,189.4175,0.95
2026-08-03,3419.102519736842,3474.2041842105264,0.9841397737288704,189.38000000000002,1.45
2026-08-04,2673.5457960526323,2753.340085526316,0.9710190942654907,163.54,1.5
2026-08-05,3428.449717105263,3544.0714,0.967376028909932,204.28,1.5
2026-08-06,2975.174046052632,3078.812065789474,0.966338309217238,170.81249999999997,1.5
2026-08-07,3243.272960526317,3263.2760460526324,0.9938702441215441,182.105,1.5
2026-08-08,3478.7623750000002,3479.7873750000003,0.9997054417728611,196.81,0.95
2026-08-09,3194.232,3201.085375,0.9978590464804457,181.17000000000002,0.95
2026-08-10,3070.205855263158,3291.4429342105263,0.9327841668929212,177.195,1.5
2026-08-11,3584.195565789475,3609.5165855263167,0.9929849277217965,199.07999999999998,1.5
2026-08-12,4703.544157894737,5351.285638157895,0.878955913763158,296.65749999999997,1.5
2026-08-13,6059.346644736843,6091.598546052633,0.9947055110293358,338.8625,1.45
2026-08-14,4409.90177631579,4439.739006578948,0.9932795080478956,255.72250000000003,1.5
2026-08-15,3205.027,3233.904625,0.9910703535358591,183.98250000000002,0.95
2026-08-16,2972.0550000000007,3033.97125,0.9795923412260419,179.1975,0.95
2026-08-17,936.1742763157904,1297.141440789474,0.7217210451205771,73.51500000000001,1.5
2026-08-18,1175.1246973684217,1209.1827236842114,0.9718338464082421,69.85750000000002,1.5
2026-08-19,1392.685111842106,1446.7116118421056,0.9626556533052172,81.67249999999999,1.5
2026-08-20,2336.8970986842105,2402.8540328947374,0.9725505863828657,136.89249999999998,1.5
2026-08-21,1032.2359736842106,1152.8412631578954,0.8953843054304638,69.20500000000001,1.5
2026-08-22,2438.3431907894737,2966.439375,0.8219764109588364,168.29999999999998,1.5
2026-08-23,3342.9025,3361.285,0.9945311093822751,190.8875,0.95
2026-08-24,3627.4590131578952,3627.4590131578952,1.0,185.3825,1.5
2026-08-25,2565.070585526316,2642.6058486842103,0.970659543042902,147.10000000000002,1.5
2026-08-26,2060.474585526316,2157.0685986842104,0.9552197768690268,121.705,1.5
2026-08-27,3348.736703125,3509.8176842105267,0.9541055987579711,192.69,1.40125
2026-08-28,1320.384605263158,1335.7912302631578,0.9884662927477338,81.74249999999999,1.5
2026-08-29,3543.3895,3554.7540000000004,0.9968030136543907,200.7775,0.95
2026-08-30,3386.326,3469.7811250000004,0.9759480145883841,194.25,0.95
2026-08-31,3302.3058552631583,3393.0419473684215,0.9732581873396419,190.17749999999998,1.5
2026-09-01,3793.260578947369,3857.516342105263,0.983342711356389,202.4775,1.5
2026-09-02,2758.4361513157896,2803.254559210526,0.9840120092741921,151.53,1.5
2026-09-03,3177.3733355263157,3381.166236842106,0.939727038826069,183.5075,1.5
2026-09-04,2656.3488092105263,2782.8524934210527,0.9545417213058924,166.45499999999998,1.5
2026-09-05,2286.4046250000006,2382.046984375,0.9598486679723934,134.9875,0.95
2026-09-06,4047.461875,4062.0745750000006,0.9964026509779179,229.2875,0.95
2026-09-07,3559.5921118421056,4035.403723684211,0.8820907040726764,208.42000000000002,1.5
2026-09-08,4917.2985,4968.648375000001,0.9896652225868166,255.68999999999997,1.5
2026-09-09,2693.1512434210536,2783.897493421053,0.9674031640121621,140.78750000000002,1.5
2026-09-10,5046.81065131579,7131.668526315791,0.7076619773750148,394.72,1.5
2026-09-11,2921.9430592105264,3110.388914473685,0.9394140538547264,177.63,1.5
2026-09-12,3017.843327960526,3702.600625,0.8150604490216997,210.435,1.5
